Rank,Name,Platform,Year,Genre,Publisher,NA_Sales,EU_Sales,JP_Sales,Other_Sales,Global_Sales
14710,Otome wa Oanesama ni Koi Shiteru Portable: 2-Jin no Elder,PSP,2011.0,Adventure,Alchemist,0.0,0.0,0.03,0.0,0.03
2738,DJ Hero 2,PS3,2010.0,Misc,Activision,0.47,0.19,0.0,0.09,0.75
13538,Gem Smashers,3DS,2011.0,Platform,Crave Entertainment,0.04,0.0,0.0,0.0,0.04
13800,Metal Slug XX,PSP,2009.0,Shooter,DHM Interactive,0.03,0.0,0.0,0.0,0.04
8062,X-Men Origins: Wolverine,PS2,2009.0,Action,Activision,0.13,0.0,0.0,0.05,0.18
10880,World Cup '98 France: Road to Win,SAT,1998.0,Sports,Sega,0.0,0.0,0.09,0.0,0.09
861,Sonic Classic Collection,DS,2010.0,Platform,Sega,0.99,0.8,0.0,0.18,1.97
695,Dead Island,PS3,2011.0,Action,Deep Silver,1.08,0.75,0.15,0.31,2.29
500,Hot Shots Golf 3,PS2,2001.0,Sports,Sony Computer Entertainment,0.99,0.32,1.38,0.2,2.89
10666,Harvest Moon DS Cute (jp sales),DS,2005.0,Simulation,Marvelous Interactive,0.0,0.0,0.1,0.0,0.1
4246,Wolfenstein: The New Order,PC,2014.0,Shooter,Bethesda Softworks,0.12,0.29,0.0,0.05,0.46
12104,Sudoku Fever,GBA,2006.0,Puzzle,Take-Two Interactive,0.05,0.02,0.0,0.0,0.07
5403,Football Manager Handheld 2008,PSP,2007.0,Sports,Sega,0.0,0.34,0.0,0.0,0.34
12709,Mayhem 3D,PS3,2011.0,Racing,Evolved Games,0.05,0.0,0.0,0.01,0.06
14661,Kamigami no Asobi,PSP,2013.0,Adventure,Broccoli,0.0,0.0,0.03,0.0,0.03
15343,Toki no Kizuna: Hanayui Tsuzuri,PSP,2013.0,Adventure,Idea Factory,0.0,0.0,0.02,0.0,0.02
11759,Medabots 8,3DS,2014.0,Role-Playing,Rocket Company,0.0,0.0,0.07,0.0,0.07
15853,Winning Post 7: Maximum 2007,PS3,2007.0,Sports,Tecmo Koei,0.0,0.0,0.02,0.0,0.02
12733,Viewtiful Joe: Red Hot Rumble,GC,2005.0,Action,Capcom,0.04,0.01,0.0,0.0,0.06
10165,Space Chimps,X360,2008.0,Platform,Brash Entertainment,0.1,0.0,0.0,0.01,0.11
8260,NCAA Football 09 All-Play,Wii,2008.0,Sports,Electronic Arts,0.16,0.0,0.0,0.01,0.17
11763,Again,DS,2009.0,Adventure,Ackkstudios,0.07,0.0,0.0,0.0,0.07
9063,Cave Story 3D,3DS,2011.0,Platform,Nippon Ichi Software,0.09,0.03,0.01,0.01,0.14
9466,Mega Man Anniversary Collection,XB,2005.0,Platform,Capcom,0.1,0.03,0.0,0.0,0.13
701,Yokai Watch Busters,3DS,2015.0,Action,Level 5,0.0,0.0,2.28,0.0,2.28
2190,Evolve,PS4,2015.0,Shooter,Take-Two Interactive,0.35,0.41,0.05,0.15,0.95
1868,Tales of Symphonia,GC,2003.0,Role-Playing,Nintendo,0.54,0.21,0.31,0.04,1.1
6376,NASCAR Thunder 2003,XB,2002.0,Racing,Electronic Arts,0.2,0.06,0.0,0.01,0.27
11704,Metal Gear Solid V: The Phantom Pain,PC,2015.0,Action,Konami Digital Entertainment,0.0,0.07,0.0,0.0,0.08
410,Assassin's Creed Syndicate,PS4,2015.0,Action,Ubisoft,0.8,1.92,0.06,0.5,3.28
6064,Lightning Returns: Final Fantasy XIII,X360,2013.0,Role-Playing,Square Enix,0.15,0.1,0.01,0.02,0.29
14690,Samurai Warriors 2,PS3,2013.0,Action,Tecmo Koei,0.0,0.0,0.03,0.0,0.03
7621,Disney's Tarzan,N64,2000.0,Platform,Activision,0.16,0.04,0.0,0.0,0.2
6606,Doukyuusei if,SAT,1996.0,Role-Playing,NEC,0.0,0.0,0.26,0.0,0.26
9593,LEGO Batman 2: DC Super Heroes,WiiU,2013.0,Action,Warner Bros. Interactive Entertainment,0.05,0.07,0.0,0.01,0.13
9217,Super Puzzle Fighter II Turbo,PS,1996.0,Puzzle,Virgin Interactive,0.08,0.05,0.0,0.01,0.14
12100,Mega Man X4,SAT,1997.0,Action,Capcom,0.0,0.0,0.07,0.0,0.07
10157,Contra Advance: The Alien Wars EX,GBA,2002.0,Shooter,Konami Digital Entertainment,0.08,0.03,0.0,0.0,0.11
5872,Disgaea 3: Absence of Detention,PSV,,Role-Playing,Nippon Ichi Software,0.13,0.06,0.07,0.04,0.3
9187,Frank Thomas Big Hurt Baseball,PS,1996.0,Sports,Acclaim Entertainment,0.08,0.05,0.0,0.01,0.14
4864,Armored Core V,PS3,2012.0,Simulation,Namco Bandai Games,0.09,0.04,0.24,0.02,0.4
9945,Yogi Bear: The Video Game,Wii,2010.0,Action,D3Publisher,0.06,0.05,0.0,0.01,0.12
8025,NARC,XB,2005.0,Shooter,Midway Games,0.14,0.04,0.0,0.01,0.18
16375,"Crouching Tiger, Hidden Dragon",XB,2003.0,Action,Ubisoft,0.01,0.0,0.0,0.0,0.01
1799,Royal Palace of White Sword and The City of Gentiles,PS2,2005.0,Role-Playing,Take-Two Interactive,0.0,0.51,0.0,0.62,1.14
12850,Countdown: The Game,Wii,2009.0,Puzzle,Mindscape,0.0,0.05,0.0,0.0,0.05
5552,EA Playground,DS,2007.0,Sports,Electronic Arts,0.29,0.01,0.0,0.03,0.33
10528,FIFA Street,XB,2005.0,Sports,Electronic Arts,0.08,0.02,0.0,0.0,0.1
13912,LEGO Jurassic World,PC,2015.0,Action,Warner Bros. Interactive Entertainment,0.0,0.04,0.0,0.0,0.04
6864,The Godfather (US & Others sales),X360,2006.0,Action,Electronic Arts,0.2,0.02,0.0,0.02,0.24
9387,Shin Megami Tensei: Devil Summoner 2 - Raidou Kuzunoha vs. King Abaddon,PS2,2008.0,Role-Playing,Atlus,0.07,0.05,0.0,0.02,0.13
2979,NBA Street Vol. 2,XB,2003.0,Sports,Electronic Arts,0.62,0.04,0.0,0.02,0.68
7339,Speed Racer: The Videogame,PS2,2008.0,Racing,Warner Bros. Interactive Entertainment,0.1,0.08,0.0,0.03,0.21
4190,Quest 64,N64,1998.0,Role-Playing,Konami Digital Entertainment,0.38,0.08,0.0,0.01,0.47
3396,Final Fantasy: The 4 Heroes of Light,DS,2009.0,Role-Playing,Square Enix,0.23,0.11,0.23,0.03,0.59
7983,La Pucelle: Tactics,PS2,2002.0,Role-Playing,Tecmo Koei,0.09,0.07,0.0,0.02,0.19
15386,Samurai & Dragons,PSV,2012.0,Action,Sega,0.0,0.0,0.02,0.0,0.02
4694,Wheel of Fortune: 2nd Edition,PS,2000.0,Misc,Hasbro Interactive,0.23,0.16,0.0,0.03,0.41
57,Grand Theft Auto IV,PS3,2008.0,Action,Take-Two Interactive,4.76,3.76,0.44,1.62,10.57
10853,Monopoly Collection,Wii,2011.0,Misc,Electronic Arts,0.02,0.07,0.0,0.01,0.09
2379,NBA 2K14,XOne,2013.0,Sports,Take-Two Interactive,0.7,0.11,0.0,0.06,0.87
4874,Rise of the Tomb Raider,X360,2015.0,Adventure,Square Enix,0.17,0.19,0.0,0.03,0.4
9587,Surf Riders,PS,1999.0,Sports,Ubisoft,0.07,0.05,0.0,0.01,0.13
3312,Pac-Man Party,Wii,2010.0,Misc,Namco Bandai Games,0.47,0.09,0.01,0.04,0.61
11478,Knife Edge: NoseGunner,N64,1998.0,Shooter,Mitsui,0.06,0.02,0.0,0.0,0.08
2937,MotionSports,X360,2010.0,Sports,Ubisoft,0.38,0.26,0.0,0.06,0.7
3886,Prince of Persia Trilogy,PS3,2010.0,Action,Ubisoft,0.17,0.25,0.0,0.09,0.51
503,Syphon Filter,PS,1999.0,Shooter,Sony Computer Entertainment,2.03,0.72,0.02,0.11,2.88
6461,Danganronpa 2: Goodbye Despair,PSV,2014.0,Misc,Nippon Ichi Software,0.13,0.07,0.0,0.06,0.26
14597,Metal Dungeon,XB,2002.0,Role-Playing,Xicat Interactive,0.02,0.01,0.0,0.0,0.03
9851,Famicom Mini: TwinBee,GBA,2004.0,Shooter,Konami Digital Entertainment,0.0,0.0,0.12,0.0,0.12
10392,Space Invaders,GBA,2002.0,Shooter,Activision,0.08,0.03,0.0,0.0,0.11
6771,Disney's Planes,DS,2013.0,Simulation,Disney Interactive Studios,0.13,0.1,0.0,0.02,0.25
8688,NBA 2K3,GC,2002.0,Sports,Sega,0.12,0.03,0.0,0.0,0.16
11476,The Space Bar,SAT,1996.0,Adventure,Sega,0.0,0.0,0.08,0.0,0.08
5005,Tamagotchi Connection: Corner Shop 3,DS,2007.0,Simulation,Atari,0.07,0.0,0.31,0.01,0.38
862,Spyro: Enter the Dragonfly,PS2,2002.0,Platform,Universal Interactive,0.74,0.95,0.0,0.28,1.97
4085,Dead Space Extraction,Wii,2009.0,Shooter,Electronic Arts,0.33,0.11,0.01,0.04,0.48
12291,Super Mahjong 2: Honkaku 4Jin Uchi,SNES,1993.0,Misc,Imax,0.0,0.0,0.06,0.0,0.06
1074,Star Wars Battlefront: Renegade Squadron,PSP,2007.0,Shooter,LucasArts,0.9,0.47,0.0,0.32,1.68
8923,Prince of Persia: The Two Thrones,GC,2005.0,Action,Ubisoft,0.11,0.03,0.0,0.0,0.15
10726,Star Trek: Shattered Universe,PS2,2004.0,Simulation,Global Star,0.05,0.04,0.0,0.01,0.1
7438,Just Dance: Greatest Hits,Wii,2012.0,Misc,Ubisoft,0.15,0.04,0.0,0.02,0.21
2512,DJ Hero 2,X360,2010.0,Misc,Activision,0.64,0.12,0.0,0.06,0.82
1483,Pokemon Ranger: Guardian Signs,DS,2010.0,Role-Playing,Nintendo,0.51,0.17,0.58,0.06,1.33
3251,Tiger Woods PGA Tour 2004,XB,2003.0,Sports,Electronic Arts,0.47,0.13,0.0,0.02,0.62
4664,Lord of the Rings: The Third Age,XB,2004.0,Role-Playing,Electronic Arts,0.31,0.09,0.0,0.01,0.42
16416,The Godfather (JP sales),X360,2006.0,Action,Electronic Arts,0.0,0.0,0.01,0.0,0.01
14062,Petz: Catz Playground,DS,2010.0,Simulation,Ubisoft,0.03,0.0,0.0,0.0,0.04
12627,Steins;Gate: Hiyoku Renri no Darling,PSP,2012.0,Action,5pb,0.0,0.0,0.06,0.0,0.06
10182,Totally Spies! Totally Party,Wii,2008.0,Misc,Ubisoft,0.09,0.01,0.0,0.01,0.11
377,Clubhouse Games,DS,2006.0,Misc,Nintendo,0.59,1.83,0.73,0.35,3.5
933,Phineas and Ferb,DS,2009.0,Action,Disney Interactive Studios,1.34,0.37,0.0,0.15,1.86
5888,Quake II,N64,1999.0,Shooter,Activision,0.24,0.06,0.0,0.0,0.3
15365,F1 2002,GBA,2002.0,Racing,"Destination Software, Inc",0.01,0.01,0.0,0.0,0.02
1073,Call of Duty Black Ops: Declassified,PSV,2012.0,Action,Activision,0.8,0.52,0.07,0.3,1.69
3313,Jak and Daxter: The Lost Frontier,PSP,2009.0,Platform,Sony Computer Entertainment,0.18,0.27,0.0,0.15,0.61
4090,Madagascar: Operation Penguin,GBA,2005.0,Action,Activision,0.35,0.13,0.0,0.01,0.48
10109,Invizimals: The Lost Tribes,PSP,2011.0,Action,Sony Computer Entertainment,0.0,0.08,0.0,0.04,0.11
8222,MotoGP 10/11,PS3,2011.0,Racing,Capcom,0.04,0.1,0.0,0.04,0.17
16492,Micro Machines V4,PS2,2006.0,Racing,Codemasters,0.01,0.0,0.0,0.0,0.01
5203,Big Bass World Championship,PS,1997.0,Sports,Starfish,0.2,0.14,0.0,0.02,0.36
15726,Digimon Rumble Arena,PS,2001.0,Fighting,Namco Bandai Games,0.01,0.01,0.0,0.0,0.02
8405,Pursuit Force,PSP,2005.0,Racing,Sony Computer Entertainment,0.14,0.01,0.0,0.02,0.17
13711,Men of War: Vietnam,PC,2011.0,Strategy,Unknown,0.0,0.03,0.0,0.01,0.04
15030,Kensei: Sacred Fist,PS,1997.0,Fighting,Konami Digital Entertainment,0.01,0.01,0.0,0.0,0.02
8076,Dungeon Travelers 2: The Royal Library & The Monster Seal,PSV,2014.0,Role-Playing,Atlus,0.07,0.03,0.05,0.03,0.18
5348,Charlie and the Chocolate Factory,PS2,2005.0,Adventure,Global Star,0.17,0.13,0.0,0.04,0.35
8673,Angry Birds Star Wars,XOne,2013.0,Strategy,Activision,0.11,0.04,0.0,0.01,0.16
12389,Strike Force Bowling,GC,2005.0,Sports,Crave Entertainment,0.05,0.01,0.0,0.0,0.06
631,Final Fantasy Tactics,PS,1997.0,Role-Playing,SquareSoft,0.93,0.12,1.34,0.06,2.45
738,Wario Land 3,GB,2000.0,Platform,Nintendo,1.11,0.51,0.34,0.23,2.2
14,Wii Fit,Wii,2007.0,Sports,Nintendo,8.94,8.03,3.6,2.15,22.72
7819,Spider-Man: Shattered Dimensions,DS,2010.0,Action,Activision,0.17,0.01,0.0,0.01,0.19
12328,Legend of Kay,PS4,2015.0,Action,Nordic Games,0.02,0.03,0.0,0.01,0.06
15093,Bejeweled 2 Deluxe,PC,2006.0,Puzzle,Focus Home Interactive,0.0,0.02,0.0,0.0,0.02
5594,Shin Megami Tensei: Devil Survivor 2,DS,2011.0,Role-Playing,Ghostlight,0.17,0.01,0.12,0.01,0.32
8450,Senran Kagura: Estival Versus,PS4,2015.0,Action,Marvelous Interactive,0.07,0.0,0.08,0.02,0.17
13023,Microsoft Flight Simulator X Acceleration Expansion Pack,PC,2007.0,Simulation,Microsoft Game Studios,0.0,0.04,0.0,0.01,0.05
12496,Neon Genesis Evangelion,N64,1999.0,Adventure,Namco Bandai Games,0.0,0.0,0.06,0.0,0.06
15638,Katekyoo Hitman Reborn! Kindan no Yami no Delta,PS2,2008.0,Action,Marvelous Interactive,0.0,0.0,0.02,0.0,0.02
2013,WipEout Pure,PSP,2005.0,Racing,Sony Computer Entertainment,0.47,0.34,0.0,0.22,1.04
686,Grand Theft Auto,PS,1997.0,Action,Take-Two Interactive,0.79,1.35,0.04,0.14,2.32
3238,Nobunaga no Yabou: Haouden,SNES,1993.0,Strategy,Tecmo Koei,0.3,0.0,0.32,0.0,0.62
4687,pro evolution soccer 2011,PS2,2010.0,Sports,Konami Digital Entertainment,0.04,0.21,0.05,0.11,0.41
339,Friend Collection,DS,2009.0,Misc,Nintendo,0.0,0.0,3.67,0.0,3.67
152,Resident Evil 2,PS,1998.0,Action,Virgin Interactive,1.88,1.47,2.02,0.45,5.82
455,The Legend of Zelda: A Link Between Worlds,3DS,2013.0,Action,Nintendo,1.4,0.99,0.46,0.22,3.07
8950,Arena Football,XB,2006.0,Sports,Electronic Arts,0.11,0.03,0.0,0.01,0.15
4377,Naruto Shippuden: Ultimate Ninja Storm Generations,X360,2012.0,Fighting,Namco Bandai Games,0.26,0.14,0.01,0.04,0.45
3655,TMNT,X360,2007.0,Action,Ubisoft,0.47,0.04,0.0,0.04,0.55
4381,Mobile Suit Gundam,PS,1995.0,Action,Namco Bandai Games,0.0,0.0,0.42,0.03,0.45
7653,BioShock The Collection,PS4,2016.0,Shooter,Take-Two Interactive,0.05,0.11,0.01,0.03,0.2
2230,Sonic Riders: Zero Gravity,Wii,2008.0,Racing,Sega,0.5,0.32,0.02,0.1,0.93
14901,The Great Battle Gaiden 2: Matsuri da Wasshoi,SNES,1994.0,Action,Banpresto,0.0,0.0,0.03,0.0,0.03
13498,Nobunaga's Ambition (3DS),3DS,2013.0,Simulation,Tecmo Koei,0.0,0.0,0.04,0.0,0.04
1026,Destiny,PS3,2014.0,Shooter,Activision,0.67,0.66,0.12,0.27,1.73
10202,Naval Ops: Warship Gunner,PS2,2003.0,Simulation,Tecmo Koei,0.05,0.04,0.0,0.01,0.11
12866,Learn Science,DS,2010.0,Misc,DreamCatcher Interactive,0.05,0.0,0.0,0.0,0.05
1955,NFL Blitz,N64,1998.0,Sports,Midway Games,1.02,0.04,0.0,0.01,1.06
4503,SSX Tricky,XB,2001.0,Sports,Electronic Arts,0.32,0.09,0.0,0.02,0.43
672,Kirby's Dream Land 2,GB,1995.0,Platform,Nintendo,0.69,0.14,1.48,0.05,2.36
2446,Overwatch,XOne,2016.0,Shooter,Activision,0.52,0.25,0.0,0.08,0.85
6495,Lumines: Electronic Symphony,PSV,2012.0,Misc,Ubisoft,0.11,0.1,0.01,0.05,0.26
13127,Dead in the Water,PS,1999.0,Action,ASC Games,0.03,0.02,0.0,0.0,0.05
11585,Sub Rebellion,PS2,2002.0,Simulation,Metro 3D,0.04,0.03,0.0,0.01,0.08
1686,WWE 2K14,PS3,2013.0,Sports,Take-Two Interactive,0.49,0.49,0.0,0.21,1.19
83,FIFA Soccer 13,PS3,2012.0,Action,Electronic Arts,1.06,5.05,0.13,2.01,8.24
16314,Space Hulk,PSV,2015.0,Strategy,Funbox Media,0.0,0.01,0.0,0.0,0.01
6321,LEGO Harry Potter: Years 5-7,PSP,,Action,Warner Bros. Interactive Entertainment,0.1,0.11,0.0,0.06,0.27
3072,Rocksmith 2014,PC,2013.0,Misc,Ubisoft,0.35,0.24,0.0,0.07,0.66
3004,.hack//Mutation Part 2,PS2,2002.0,Role-Playing,Atari,0.23,0.18,0.2,0.06,0.68
7894,The Heavy Rain and Beyond: Two Souls Collection,PS4,2016.0,Action,Sony Computer Entertainment,0.0,0.16,0.0,0.03,0.19
7231,Age of Empires: Mythologies,DS,2008.0,Strategy,THQ,0.17,0.03,0.0,0.02,0.22
14234,EverBlue 2,PS2,2002.0,Adventure,Capcom,0.02,0.01,0.0,0.0,0.03
11281,Marvel Nemesis: Rise of the Imperfects,DS,2005.0,Fighting,Electronic Arts,0.08,0.0,0.0,0.01,0.08
15439,Painkiller: Hell & Damnation,X360,2013.0,Shooter,Nordic Games,0.0,0.01,0.0,0.0,0.02
3083,New Play Control! Pikmin,Wii,2008.0,Strategy,Nintendo,0.29,0.14,0.19,0.04,0.66
6326,Over the Hedge,GBA,2006.0,Platform,Activision,0.19,0.07,0.0,0.0,0.27
4196,Commando,2600,1987.0,Action,Activision,0.44,0.02,0.0,0.0,0.47
9326,Legends of Wrestling,XB,2002.0,Fighting,Acclaim Entertainment,0.1,0.03,0.0,0.0,0.14
9992,F1 2002,PS2,2002.0,Racing,Electronic Arts,0.05,0.04,0.02,0.01,0.12
10096,GoldenEye: Rogue Agent,DS,2005.0,Shooter,Electronic Arts,0.1,0.0,0.0,0.01,0.11
6908,Dora the Explorer: Super Star Adventures,GBA,2004.0,Adventure,Game Factory,0.17,0.06,0.0,0.0,0.24
11522,MXGP 2,PS4,2016.0,Racing,Milestone S.r.l.,0.02,0.05,0.0,0.01,0.08
4263,Mario & Sonic at the Rio 2016 Olympic Games,3DS,2016.0,Action,Nintendo,0.04,0.16,0.24,0.01,0.46
16185,Princess Arthur,PSP,2013.0,Misc,Idea Factory,0.0,0.0,0.01,0.0,0.01
14963,LEGO Harry Potter: Years 1-4,PC,2010.0,Action,Warner Bros. Interactive Entertainment,0.01,0.01,0.0,0.0,0.02
8165,College Hoops 2K7,PS3,2007.0,Sports,Take-Two Interactive,0.16,0.0,0.0,0.01,0.18
15356,Demolition Company: Gold Edition,PC,2011.0,Simulation,,0.0,0.02,0.0,0.0,0.02
12013,Ghost in the Shell: Stand Alone Complex,PSP,2005.0,Adventure,Atari,0.06,0.0,0.0,0.01,0.07
7063,Puss in Boots,X360,2011.0,Action,THQ,0.2,0.02,0.0,0.02,0.23
10332,Kirarin * Revolution: Kira Kira Idol Audition,DS,2006.0,Simulation,Konami Digital Entertainment,0.0,0.0,0.11,0.0,0.11
6086,Dragon Quest: Shounen Yangus to Fushigi no Dungeon,PS2,2006.0,Role-Playing,Square Enix,0.0,0.0,0.29,0.0,0.29
15860,Kadenz fermata//Akkord:fortissimo,PSV,2014.0,Adventure,5pb,0.0,0.0,0.02,0.0,0.02
14297,Custom Beat Battle: Draglade 2,DS,2008.0,Fighting,Namco Bandai Games,0.0,0.0,0.03,0.0,0.03
2912,NCAA Football 08,X360,2007.0,Sports,Electronic Arts,0.65,0.0,0.0,0.05,0.7
7669,Gladius,PS2,2003.0,Strategy,Activision,0.1,0.08,0.0,0.03,0.2
1127,Pikmin,GC,2001.0,Strategy,Nintendo,0.78,0.25,0.56,0.04,1.63
10013,Karaoke Revolution Presents American Idol Encore 2,PS3,2008.0,Misc,Konami Digital Entertainment,0.11,0.0,0.0,0.01,0.11
16368,Survivor,Wii,2010.0,Adventure,Valcon Games,0.01,0.0,0.0,0.0,0.01
5082,Quake 4,X360,2005.0,Shooter,Activision,0.32,0.03,0.0,0.03,0.38
493,Super Mario World 2: Yoshi's Island,GBA,2002.0,Platform,Nintendo,1.75,0.45,0.62,0.09,2.91
6820,Spider-Man: Shattered Dimensions,Wii,2010.0,Action,Activision,0.13,0.09,0.0,0.02,0.24
5334,Farming Simulator 2015,PS4,2015.0,Simulation,Koch Media,0.1,0.2,0.0,0.05,0.35
5641,Frogger's Adventures: The Rescue,PS2,2003.0,Platform,Konami Digital Entertainment,0.16,0.12,0.0,0.04,0.32
13087,Apassionata: Die Galanacht der Pferde,DS,2009.0,Simulation,RTL,0.0,0.04,0.0,0.01,0.05
14294,Medarot 9: Kabuto Ver. / Kuwagata Ver.,3DS,2015.0,Role-Playing,Rocket Company,0.0,0.0,0.03,0.0,0.03
9237,PaRappa The Rapper,PSP,2006.0,Misc,Sony Computer Entertainment,0.1,0.0,0.02,0.01,0.14
2366,Buzz! The Mega Quiz,PS2,2007.0,Misc,Sony Computer Entertainment,0.32,0.06,0.0,0.5,0.88
12502,NBA Hangtime,PS,1996.0,Sports,Midway Games,0.03,0.02,0.0,0.0,0.06
421,007: Tomorrow Never Dies,PS,1999.0,Shooter,Electronic Arts,1.72,1.33,0.0,0.16,3.21
16099,Miyako: Awayuki no Utage,PSP,2012.0,Action,Idea Factory,0.0,0.0,0.01,0.0,0.01
16265,"Hanayaka Kana, Ware ga Ichizoku",PSP,2010.0,Adventure,Idea Factory,0.0,0.0,0.01,0.0,0.01
9458,Naruto Shippuden: Kizuna Drive,PSP,2010.0,Action,Namco Bandai Games,0.04,0.02,0.05,0.02,0.13
10786,Ar tonelico: Melody of Elemia,PS2,2006.0,Role-Playing,505 Games,0.0,0.0,0.1,0.0,0.1
13475,Atelier Escha & Logy: Alchemists of the Dusk Sky,PSV,2015.0,Role-Playing,Tecmo Koei,0.0,0.0,0.04,0.0,0.04
2776,LEGO Marvel Super Heroes,WiiU,2013.0,Action,Warner Bros. Interactive Entertainment,0.31,0.35,0.02,0.06,0.74
12734,The Lord of the Rings: The Battle for Middle-Earth II,X360,2006.0,Strategy,Electronic Arts,0.0,0.05,0.0,0.01,0.06
16208,Caladrius,X360,2013.0,Shooter,Moss,0.0,0.0,0.01,0.0,0.01
7727,Big Mutha Truckers 2,PS2,2005.0,Racing,Xplosiv,0.1,0.07,0.0,0.03,0.2
7738,Iron Chef America: Supreme Cuisine,DS,2008.0,Simulation,Destineer,0.18,0.0,0.0,0.01,0.19
9240,Pro Yakyuu Netsu Star 2006,PS2,2006.0,Sports,Namco Bandai Games,0.0,0.0,0.14,0.0,0.14
396,Metal Gear Solid V: The Phantom Pain,PS4,2015.0,Action,Konami Digital Entertainment,1.08,1.35,0.48,0.47,3.38
1,Wii Sports,Wii,2006.0,Sports,Nintendo,41.49,29.02,3.77,8.46,82.74
2508,Tony Hawk's Underground 2 Remix,PSP,2005.0,Sports,Activision,0.46,0.21,0.0,0.15,0.82
6298,Beamrider,2600,1984.0,Racing,Activision,0.26,0.01,0.0,0.0,0.27
8781,Heroes of Mana,DS,2007.0,Strategy,Square Enix,0.08,0.01,0.05,0.01,0.15
15437,Horrid Henry: Missions of Mischief,Wii,2010.0,Adventure,SouthPeak Games,0.0,0.02,0.0,0.0,0.02
5315,The Fairly Odd Parents: Shadow Showdown,PS2,2004.0,Platform,THQ,0.17,0.13,0.0,0.04,0.35
12927,ZombiU,PS4,2016.0,Action,Ubisoft,0.0,0.04,0.01,0.01,0.05
11615,Bleach: Heat the Soul 7,PSP,2010.0,Fighting,Sony Computer Entertainment,0.0,0.0,0.08,0.0,0.08
15788,Colin McRae Rally 2005,PC,2004.0,Racing,Codemasters,0.0,0.01,0.0,0.0,0.02
241,Madden NFL 07,PS2,2006.0,Sports,Electronic Arts,3.63,0.24,0.01,0.61,4.49
815,Need for Speed: ProStreet,X360,2007.0,Racing,Electronic Arts,1.04,0.8,0.01,0.22,2.06
4629,Green Day: Rock Band,PS3,2010.0,Misc,MTV Games,0.19,0.16,0.0,0.07,0.42
2954,MX vs. ATV Unleashed: On the Edge,PSP,2006.0,Racing,THQ,0.64,0.0,0.0,0.05,0.69
15759,Turbo: Super Stunt Squad,Wii,2013.0,Sports,D3Publisher,0.0,0.02,0.0,0.0,0.02
12163,The Book of Unwritten Tales 2,PS4,2015.0,Adventure,Nordic Games,0.0,0.06,0.0,0.01,0.07
9993,Hasbro Family Game Night Fun Pack,Wii,2011.0,Misc,Electronic Arts,0.11,0.0,0.0,0.01,0.12
4611,Star Wars Trilogy: Apprentice of the Force,GBA,2004.0,Action,Ubisoft,0.3,0.11,0.0,0.01,0.42
13855,Klonoa Heroes: Densetsu no Star Medal,GBA,2002.0,Role-Playing,Namco Bandai Games,0.0,0.0,0.04,0.0,0.04
14975,TV Anime Idolm@ster: Cinderella Girls G4U! Pack Vol.1,PS3,2015.0,Action,Namco Bandai Games,0.0,0.0,0.02,0.0,0.02
3063,Finding Nemo,XB,2003.0,Action,THQ,0.48,0.16,0.0,0.02,0.66
15616,Toukiden 2,PS3,2016.0,Action,Tecmo Koei,0.0,0.0,0.02,0.0,0.02
15767,Soul Eater: Monotone Princess,Wii,2008.0,Action,Square Enix,0.0,0.0,0.02,0.0,0.02
7142,Def Jam: Fight for NY,GC,2004.0,Fighting,Electronic Arts,0.17,0.05,0.0,0.01,0.22
14066,Shin Koihime Musou: Otome Ryouran * Sangokushi Engi - Shu-Hen,PSP,2010.0,Adventure,Yeti,0.0,0.0,0.04,0.0,0.04
684,Just Dance Kids,Wii,2010.0,Misc,Ubisoft,1.57,0.56,0.0,0.19,2.32
15176,Happiness! De-Lucks,PS2,2007.0,Adventure,Marvelous Interactive,0.0,0.0,0.02,0.0,0.02
13578,Kanuchi: Shiroki Tsubasa no Shou,PS2,2008.0,Adventure,Idea Factory,0.0,0.0,0.04,0.0,0.04
14654,Nisenochigiri: Omoide no Saki e,PSP,2011.0,Adventure,Idea Factory,0.0,0.0,0.03,0.0,0.03
11363,Ride,PS3,2015.0,Racing,Milestone S.r.l.,0.0,0.06,0.01,0.01,0.08
14221,First Queen: Ornic Senki,SNES,1994.0,Role-Playing,Culture Brain,0.0,0.0,0.03,0.0,0.03
10810,Natural Doctrine,PS4,2014.0,Role-Playing,Nippon Ichi Software,0.05,0.02,0.02,0.01,0.1
6684,Mortal Kombat: Armageddon,Wii,2007.0,Fighting,Midway Games,0.21,0.02,0.0,0.02,0.25
411,Destiny,XOne,2014.0,Shooter,Activision,2.13,0.92,0.0,0.23,3.28
7520,My Fitness Coach 2: Exercise and Nutrition,Wii,2009.0,Sports,Black Bean Games,0.14,0.04,0.0,0.02,0.2
12913,NFL Blitz Pro,XB,2003.0,Sports,Midway Games,0.04,0.01,0.0,0.0,0.05
11004,Damnation,PS3,2009.0,Shooter,Codemasters,0.07,0.01,0.0,0.01,0.09
12687,Minna no Sukkiri,PSP,2009.0,Sports,Sony Computer Entertainment,0.0,0.0,0.06,0.0,0.06
7957,Penguin no Mondai X: Tenkuu no 7 Senshi,DS,2009.0,Action,Konami Digital Entertainment,0.0,0.0,0.19,0.0,0.19
11981,Wallace & Gromit in Project Zoo,GC,2003.0,Platform,BAM! Entertainment,0.05,0.01,0.0,0.0,0.07
7267,Dead Island,PC,2011.0,Action,Deep Silver,0.12,0.07,0.0,0.03,0.22
8085,Ben 10 Ultimate Alien: Cosmic Destruction,X360,2010.0,Platform,D3Publisher,0.1,0.06,0.0,0.02,0.18
10537,Math Blaster in the Prime Adventure,DS,2009.0,Misc,Majesco Entertainment,0.09,0.0,0.0,0.01,0.1
7406,The Land Before Time: Big Water Adventure,PS,2002.0,Platform,TDK Mediactive,0.12,0.08,0.0,0.01,0.21
7400,Maximo vs Army of Zin,PS2,2003.0,Platform,Capcom,0.1,0.08,0.0,0.03,0.21
6062,Dynasty Tactics,PS2,2002.0,Strategy,Tecmo Koei,0.06,0.05,0.16,0.02,0.29
1139,Kirby Air Ride,GC,2003.0,Racing,Nintendo,1.01,0.11,0.45,0.04,1.62
1525,Digimon World,PS,1999.0,Role-Playing,Namco Bandai Games,0.56,0.38,0.28,0.08,1.3
16227,New Interpretation Stranger of Sword City,PSV,2016.0,Role-Playing,Experience Inc.,0.0,0.0,0.01,0.0,0.01
11835,Busou Shinki: Battle Masters,PSP,2010.0,Action,Konami Digital Entertainment,0.0,0.0,0.07,0.0,0.07
16547,Imagine Figure Skater (JP sales),DS,2007.0,Sports,Ubisoft,0.0,0.0,0.01,0.0,0.01
14050,Deception III: Dark Delusion,PS,1999.0,Role-Playing,Tecmo Koei,0.02,0.01,0.0,0.0,0.04
14559,Blue Breaker: Ken Yorimo Hohoemi o,PCFX,1996.0,Role-Playing,NEC,0.0,0.0,0.03,0.0,0.03
23,Super Mario Bros. 3,NES,1988.0,Platform,Nintendo,9.54,3.44,3.84,0.46,17.28
14369,Lock On: Modern Air Combat,PC,2003.0,Simulation,Ubisoft,0.0,0.03,0.0,0.01,0.03
13992,The Night of the Rabbit,PC,2013.0,Adventure,Daedalic Entertainment,0.0,0.03,0.0,0.0,0.04
5466,Marvel: Ultimate Alliance 2,Wii,2009.0,Role-Playing,Activision,0.26,0.05,0.0,0.03,0.33
14095,Castlevania Bloodlines,GEN,1994.0,Platform,Konami Digital Entertainment,0.0,0.0,0.04,0.0,0.04
4121,Harvest Moon DS (US sales),DS,2005.0,Simulation,Rising Star Games,0.41,0.07,0.0,0.0,0.48
4182,"Warhammer 40,000: Dawn of War II",PC,2009.0,Strategy,THQ,0.0,0.45,0.0,0.02,0.47
6374,NBA Live 2004,GC,2003.0,Sports,Electronic Arts,0.21,0.05,0.0,0.01,0.27
14347,Atelier Sophie: The Alchemist of the Mysterious Book,PS3,2015.0,Role-Playing,Tecmo Koei,0.0,0.0,0.03,0.0,0.03
9662,Puella Magi Madoka Magica Portable,PSP,2012.0,Role-Playing,Namco Bandai Games,0.0,0.0,0.12,0.0,0.12
11056,Tunnel B1,PS,1996.0,Action,Ocean,0.05,0.03,0.0,0.01,0.09
2456,Golden Sun: Dark Dawn,DS,2010.0,Role-Playing,Nintendo,0.56,0.11,0.13,0.05,0.84
13799,Astro Boy: The Video Game,PSP,2009.0,Action,D3Publisher,0.04,0.0,0.0,0.0,0.04
11178,Jikkyou Powerful Pro Yakyuu 2000 Ketteiban,PS,2000.0,Sports,Konami Digital Entertainment,0.0,0.0,0.08,0.01,0.09
36,Call of Duty: Black Ops II,X360,2012.0,Shooter,Activision,8.25,4.3,0.07,1.12,13.73
15766,Divinity: Original Sin,PC,2014.0,Role-Playing,Focus Home Interactive,0.0,0.02,0.0,0.0,0.02
1352,Disney's DuckTales,GB,1988.0,Platform,Capcom,0.82,0.23,0.35,0.03,1.43
4668,X-Men vs. Street Fighter,PS,1997.0,Fighting,Capcom,0.16,0.11,0.12,0.03,0.42
526,Star Wars: The Force Unleashed,X360,2008.0,Action,LucasArts,1.74,0.8,0.0,0.26,2.8
12275,NanoBreaker,PS2,2005.0,Action,Konami Digital Entertainment,0.03,0.02,0.0,0.01,0.06
7997,EyePet & Friends,PS3,2011.0,Simulation,Sony Computer Entertainment,0.06,0.09,0.0,0.03,0.19
5691,WipEout Pulse,PSP,2007.0,Racing,Sony Computer Entertainment,0.13,0.12,0.0,0.06,0.32
14973,Strike Witches 2: Iyasu Naosu Punipunisuru,DS,2010.0,Action,Kadokawa Shoten,0.0,0.0,0.02,0.0,0.02
4290,Bloody Roar II,PS,1999.0,Fighting,Virgin Interactive,0.25,0.17,0.0,0.03,0.46
2144,Romancing SaGa,SNES,1992.0,Role-Playing,SquareSoft,0.0,0.0,0.97,0.0,0.97
8176,Biohazard: Revival Selection,PS3,2011.0,Action,Capcom,0.0,0.0,0.18,0.0,0.18
13443,LEGO Friends,3DS,2013.0,Action,Warner Bros. Interactive Entertainment,0.0,0.04,0.0,0.0,0.05
680,Resident Evil - Code: Veronica X,PS2,2001.0,Action,Capcom,1.08,0.7,0.34,0.21,2.34
6761,X-Men Legends II: Rise of Apocalypse,GC,2005.0,Role-Playing,Activision,0.19,0.05,0.0,0.01,0.25
13539,Split/Second,PC,2010.0,Racing,Disney Interactive Studios,0.0,0.04,0.0,0.01,0.04
2633,Secret Agent Barbie: Royal Jewels Mission,GBA,2002.0,Platform,Vivendi Games,0.56,0.21,0.0,0.01,0.78
15546,Poyo Poyo Kansatsu Nikki,3DS,2012.0,Action,IE Institute,0.0,0.0,0.02,0.0,0.02
842,Dead Space,PS3,2008.0,Action,Electronic Arts,1.05,0.67,0.0,0.3,2.02
2172,Naruto Shippuden: Ultimate Ninja Storm 3,PS3,2013.0,Fighting,Namco Bandai Games,0.32,0.33,0.15,0.15,0.96
946,2 Games in 1: Sonic Advance & ChuChu Rocket!,GBA,2005.0,Misc,THQ,1.31,0.49,0.0,0.03,1.83
8390,VR Golf '97,PS,1996.0,Sports,Gremlin Interactive Ltd,0.09,0.06,0.0,0.01,0.17
9669,Charm Girls Club: My Fashion Mall,DS,,Simulation,Unknown,0.12,0.0,0.0,0.01,0.12
1713,Tony Hawk's Pro Skater 2,GBA,2001.0,Sports,Activision,0.85,0.31,0.0,0.02,1.18
14038,Caesar III,PC,1998.0,Strategy,Vivendi Games,0.0,0.03,0.0,0.01,0.04
7934,Nobunaga no Yabou: Souzou,PS3,2013.0,Strategy,Tecmo Koei,0.0,0.0,0.19,0.0,0.19
14572,World of Zoo,PC,2009.0,Simulation,THQ,0.0,0.02,0.0,0.01,0.03
2005,LEGO Indiana Jones 2: The Adventure Continues,X360,2009.0,Action,Activision,0.62,0.33,0.0,0.09,1.04
3754,Tales of Symphonia: Dawn of the New World,Wii,2008.0,Role-Playing,Namco Bandai Games,0.22,0.05,0.24,0.03,0.54
13484,Bionicle Heroes,Wii,2007.0,Shooter,Eidos Interactive,0.04,0.0,0.0,0.0,0.04
4045,"Transformers: Revenge of the Fallen (XBox 360, PS3, & PC Versions)",Wii,2009.0,Shooter,Activision,0.24,0.2,0.0,0.05,0.49
7095,Bratz: Girlz Really Rock,PS2,2008.0,Action,THQ,0.11,0.09,0.0,0.03,0.23
8822,Hidden Mysteries: Salem Secrets - Witch Trials of 1692,DS,2010.0,Puzzle,Astragon,0.09,0.04,0.0,0.01,0.15
396,Metal Gear Solid V: The Phantom Pain,PS4,2015.0,Action,Konami Digital Entertainment,1.08,1.35,0.48,0.47,3.38
2973,Shark Tale,GBA,2004.0,Action,Activision,0.49,0.18,0.0,0.01,0.68
10968,Pillow Pets,DS,2011.0,Adventure,GameMill Entertainment,0.09,0.0,0.0,0.01,0.09
10859,Fresh PreCure! Asobi Collection,DS,2009.0,Action,Namco Bandai Games,0.0,0.0,0.09,0.0,0.09
410,Assassin's Creed Syndicate,PS4,2015.0,Action,Ubisoft,0.8,1.92,0.06,0.5,3.28
13906,Saints Row 2,PC,2009.0,Action,THQ,0.0,0.03,0.0,0.01,0.04
16561,Pro Evolution Soccer 2008,PC,2007.0,Sports,Konami Digital Entertainment,0.0,0.01,0.0,0.0,0.01
11766,Yoru no Nai Kuni,PSV,2015.0,Role-Playing,Tecmo Koei,0.0,0.0,0.07,0.0,0.07
9436,Wantame Music Channel: Doko Demo Style,DS,2007.0,Misc,Capcom,0.0,0.0,0.13,0.0,0.13
15407,Strike Witches: Anata to Dekiru Koto - A Little Peaceful Days,PS2,2010.0,Action,Russel,0.0,0.0,0.02,0.0,0.02
8927,The Walking Dead: Season Two,PSV,2014.0,Adventure,Telltale Games,0.1,0.0,0.01,0.03,0.15
16479,DoDonPachi Daifukkatsu: Black Label,X360,2011.0,Shooter,Cave,0.0,0.0,0.01,0.0,0.01
13981,Gumby vs. the Astrobots,GBA,2005.0,Action,Namco Bandai Games,0.03,0.01,0.0,0.0,0.04
9681,After Hours Athletes,PS3,2011.0,Sports,Sony Computer Entertainment,0.0,0.1,0.0,0.03,0.12
1612,Ben 10: Protector of Earth,Wii,2007.0,Action,D3Publisher,0.55,0.55,0.0,0.13,1.23
3942,River Raid II,2600,1988.0,Shooter,Activision,0.47,0.03,0.0,0.01,0.51
5156,Mini-Yonku GB: Let's & Go!!,GB,1997.0,Strategy,ASCII Entertainment,0.0,0.0,0.37,0.0,0.37
7641,Schlag den Raab,Wii,2010.0,Misc,Namco Bandai Games,0.0,0.17,0.0,0.03,0.2
6125,NHL 2K11,Wii,2010.0,Sports,Take-Two Interactive,0.24,0.02,0.0,0.02,0.28
13068,Thunder Force V: Perfect System,PS,1998.0,Shooter,TechnoSoft,0.03,0.02,0.0,0.0,0.05
1004,Star Wars: Starfighter,PS2,2001.0,Simulation,Activision,0.61,0.87,0.02,0.26,1.76
10434,UFC: Tapout 2,XB,2003.0,Fighting,Capcom,0.08,0.02,0.0,0.0,0.1
6817,K-1 Revenge,PS,1997.0,Fighting,Xing Entertainment,0.04,0.03,0.16,0.02,0.24
4009,PoPoLoCrois Monogatari,PS,1996.0,Role-Playing,Sony Computer Entertainment,0.0,0.0,0.46,0.03,0.5
15005,Canvas 2,PS2,2006.0,Adventure,Kadokawa Shoten,0.0,0.0,0.02,0.0,0.02
7569,Neighborhood Games,Wii,2009.0,Misc,THQ,0.17,0.02,0.0,0.01,0.2
5565,Karaoke Revolution Presents American Idol Encore 2,Wii,2008.0,Misc,Konami Digital Entertainment,0.3,0.0,0.0,0.02,0.33
1144,Baseball,GB,1989.0,Sports,Nintendo,0.66,0.27,0.65,0.03,1.61
10757,Virtual Pro Wrestling,PS,1996.0,Fighting,Asmik Ace Entertainment,0.0,0.0,0.09,0.01,0.1
14688,Harukanaru Toki no Naka de 6,PSV,2015.0,Action,Tecmo Koei,0.0,0.0,0.03,0.0,0.03
12505,D.C. II P.S.: Da Capo II Plus Situation,PS2,2008.0,Adventure,Kadokawa Shoten,0.0,0.0,0.06,0.0,0.06
14101,FabStyle,3DS,2011.0,Strategy,Tecmo Koei,0.0,0.0,0.03,0.0,0.03
7663,Pro Yaky? Spirits 2013,PSP,2013.0,Sports,Konami Digital Entertainment,0.0,0.0,0.2,0.0,0.2
15959,Guild Wars: Factions,PC,2006.0,Role-Playing,NCSoft,0.0,0.01,0.0,0.0,0.02
5469,Planet Puzzle League,DS,2007.0,Puzzle,Nintendo,0.14,0.01,0.16,0.01,0.33
461,Epic Mickey,Wii,2010.0,Platform,Disney Interactive Studios,2.06,0.64,0.12,0.22,3.04
6340,Spider-Man: Web of Shadows,PS3,2008.0,Action,Activision,0.2,0.04,0.0,0.03,0.27
2649,Resident Evil: Operation Raccoon City,X360,2012.0,Action,Capcom,0.55,0.15,0.03,0.06,0.78
13413,Arslan: The Warriors of Legend,PS3,2015.0,Action,Tecmo Koei,0.0,0.0,0.05,0.0,0.05
14181,Special Forces: Nemesis Strike,XB,2005.0,Shooter,Hip Interactive,0.03,0.01,0.0,0.0,0.03
14400,Jikandia: The Timeless Land,PSP,2010.0,Role-Playing,Idea Factory,0.03,0.0,0.0,0.0,0.03
9524,Nintendo Puzzle Collection,GC,,Puzzle,Unknown,0.0,0.0,0.13,0.0,0.13
13990,Legasista,PS3,2012.0,Role-Playing,Nippon Ichi Software,0.0,0.0,0.04,0.0,0.04
1076,NFL GameDay 98,PS,1997.0,Sports,Sony Computer Entertainment,1.58,0.06,0.0,0.04,1.68
8371,Disney's Planes,Wii,2013.0,Simulation,Disney Interactive Studios,0.08,0.07,0.0,0.02,0.17
13900,Dynasty Warriors Vol. 2 (JP sales),PSP,2006.0,Action,Tecmo Koei,0.0,0.0,0.04,0.0,0.04
15622,"Shounen Onmyouji: Tsubasa Yoima, Ten e Kaere",PS2,2007.0,Adventure,Kadokawa Shoten,0.0,0.0,0.02,0.0,0.02
2292,Sonic Mega Collection Plus,XB,2004.0,Misc,Sega,0.61,0.26,0.0,0.04,0.91
5031,NBA 2K7,PS3,2006.0,Sports,Take-Two Interactive,0.3,0.04,0.0,0.04,0.38
14166,SX Superstar,GC,2003.0,Racing,Acclaim Entertainment,0.03,0.01,0.0,0.0,0.03
2685,All-Star Baseball 2003,PS2,2002.0,Sports,Acclaim Entertainment,0.38,0.29,0.0,0.1,0.77
12073,Divinity: Original Sin,XOne,2015.0,Role-Playing,Focus Home Interactive,0.04,0.02,0.0,0.01,0.07
13870,Nobunaga's Ambition: Sphere of Influence - Sengoku Risshiden,PSV,2016.0,Misc,Tecmo Koei,0.0,0.0,0.04,0.0,0.04
2882,Scooby-Doo 2: Monsters Unleashed,GBA,2004.0,Action,THQ,0.51,0.19,0.0,0.01,0.71
567,Guitar Hero: World Tour,X360,2008.0,Misc,Activision,1.78,0.64,0.0,0.25,2.67
7656,Grandia II,DC,2000.0,Role-Playing,Ubisoft,0.0,0.0,0.2,0.0,0.2
9223,To Heart,PS,1999.0,Adventure,Aqua Plus,0.0,0.0,0.13,0.01,0.14
13118,Chameleon Twist 2,N64,1998.0,Platform,Infogrames,0.04,0.01,0.0,0.0,0.05
5955,Thief (2014),X360,2014.0,Action,Square Enix,0.14,0.13,0.0,0.03,0.3
14783,Neverwinter Nights Diamond,PC,2004.0,Role-Playing,Atari,0.0,0.02,0.0,0.0,0.03
4829,Top Gear Rally,N64,1997.0,Racing,Kemco,0.32,0.07,0.0,0.0,0.4
3191,Juiced 2: Hot Import Nights,X360,2007.0,Racing,THQ,0.22,0.34,0.0,0.07,0.63
10457,Frogger: Ancient Shadow,PS2,2005.0,Platform,Konami Digital Entertainment,0.05,0.04,0.0,0.01,0.1
9161,Atari's Greatest Hits: Volume 1,DS,2010.0,Misc,Atari,0.13,0.0,0.0,0.01,0.14
12333,Cel Damage,GC,2002.0,Racing,Electronic Arts,0.05,0.01,0.0,0.0,0.06
14592,Game of Thrones (Telltale),XOne,2015.0,Adventure,Telltale Games,0.03,0.0,0.0,0.0,0.03
218,StarCraft II: Wings of Liberty,PC,2010.0,Strategy,Activision,2.56,1.68,0.0,0.59,4.83
11216,Pro Evolution Soccer 2013,PC,2012.0,Sports,Konami Digital Entertainment,0.0,0.07,0.0,0.01,0.09
15662,Yamasa Digi World SP: Moeyo! Kung Fu Shukujo,PS2,2006.0,Misc,Yamasa Entertainment,0.0,0.0,0.02,0.0,0.02
15817,Konductra,DS,2006.0,Puzzle,O3 Entertainment,0.02,0.0,0.0,0.0,0.02
2686,Unlimited Saga,PS2,2002.0,Role-Playing,Atari,0.1,0.08,0.56,0.03,0.77
1212,Fire Emblem Fates,3DS,2015.0,Role-Playing,Nintendo,0.71,0.22,0.52,0.1,1.54
13302,Gummy Bears Mini Golf,DS,2010.0,Sports,Storm City Games,0.04,0.0,0.0,0.0,0.05
12455,Champion Jockey: G1 Jockey & Gallop Racer,X360,2011.0,Sports,Tecmo Koei,0.0,0.05,0.0,0.01,0.06
941,inFAMOUS 2,PS3,2011.0,Action,Sony Computer Entertainment,1.05,0.49,0.08,0.23,1.85
734,Devil May Cry 3: Dante's Awakening Special Edition,PS2,2006.0,Action,Capcom,1.06,0.82,0.05,0.28,2.21
7271,Rugby 2004,PS2,2003.0,Sports,Electronic Arts,0.11,0.08,0.0,0.03,0.22
11887,Fantasia: Music Evolved,X360,2014.0,Misc,Disney Interactive Studios,0.05,0.01,0.0,0.01,0.07
6421,Superman Returns,X360,2006.0,Action,Electronic Arts,0.23,0.02,0.0,0.02,0.27
12832,NHL Legacy,X360,2015.0,Action,Electronic Arts,0.05,0.0,0.0,0.01,0.05
2180,Ben 10: Alien Force,DS,2008.0,Action,Koch Media,0.65,0.22,0.0,0.09,0.95
12951,Persona 2: Eternal Punishment,PSP,2012.0,Role-Playing,Atlus,0.0,0.0,0.05,0.0,0.05
1190,Twisted Metal,PS,1995.0,Action,Sony Computer Entertainment,1.32,0.19,0.0,0.05,1.56
16250,Ultraman Fighting Evolution 0,PSP,2006.0,Fighting,Banpresto,0.0,0.0,0.01,0.0,0.01
5394,Silent Hill HD Collection,PS3,2012.0,Action,Konami Digital Entertainment,0.15,0.11,0.03,0.05,0.34
14228,Yumi's Odd Odyssey,3DS,2013.0,Platform,Agatsuma Entertainment,0.0,0.0,0.03,0.0,0.03
1632,Fallout 4,PC,2015.0,Role-Playing,Bethesda Softworks,0.5,0.63,0.0,0.1,1.23
15532,Marvel Avengers: Battle for Earth,X360,2012.0,Action,Ubisoft,0.02,0.0,0.0,0.0,0.02
12756,Fate/Stay Night [RÃ©alta Nua],PSV,2012.0,Adventure,Kadokawa Shoten,0.0,0.0,0.06,0.0,0.06
11675,Monkey Hero,PS,1998.0,Action,Take-Two Interactive,0.04,0.03,0.0,0.0,0.08
7033,NHL FaceOff 2001,PS,2000.0,Sports,Sony Computer Entertainment,0.13,0.09,0.0,0.02,0.23
9245,Famista Returns,3DS,2015.0,Sports,Namco Bandai Games,0.0,0.0,0.14,0.0,0.14
5310,Supreme Commander 2,X360,2010.0,Strategy,Square Enix,0.23,0.1,0.0,0.03,0.35
5301,SimCity Creator,DS,2008.0,Simulation,Electronic Arts,0.3,0.03,0.0,0.03,0.35
2518,Custer's Revenge,2600,1981.0,Action,Mystique,0.76,0.05,0.0,0.01,0.82
10874,MotoGP,XB,2002.0,Racing,THQ,0.07,0.02,0.0,0.0,0.09
10956,The Idolmaster: Platinum Stars,PS4,2016.0,Simulation,Namco Bandai Games,0.0,0.0,0.09,0.0,0.09
1923,Red Dead Redemption: Undead Nightmare,X360,2010.0,Action,Take-Two Interactive,0.57,0.39,0.02,0.09,1.07
4911,Dancing with the Stars: We Dance!,DS,2008.0,Misc,Activision,0.36,0.0,0.0,0.03,0.39
12065,Tank! Tank! Tank!,WiiU,2012.0,Action,Namco Bandai Games,0.02,0.01,0.05,0.0,0.07
9150,The Granstream Saga,PS,1997.0,Role-Playing,Sony Computer Entertainment,0.08,0.05,0.0,0.01,0.14
3476,Gex: Enter the Gecko,PS,1998.0,Platform,BMG Interactive Entertainment,0.32,0.22,0.0,0.04,0.58
13922,Hunter x Hunter: Wonder Adventure,PSP,2012.0,Action,Namco Bandai Games,0.0,0.0,0.04,0.0,0.04
1371,LEGO Star Wars: The Video Game,GC,2005.0,Action,Eidos Interactive,1.09,0.28,0.0,0.04,1.41
13651,Saint Seiya: Soldiers' Soul,PS3,2015.0,Fighting,Namco Bandai Games,0.0,0.0,0.04,0.0,0.04
6781,LEGO Ninjago: Shadow of Ronin,PSV,2015.0,Action,Warner Bros. Interactive Entertainment,0.03,0.16,0.0,0.05,0.24
5632,Nagano Winter Olympics 98,N64,1997.0,Sports,Konami Digital Entertainment,0.15,0.04,0.13,0.0,0.32
8034,Casper: Friends Around the World,PS,2000.0,Action,TDK Core,0.1,0.07,0.0,0.01,0.18
2834,Area 51,PS,1996.0,Shooter,GT Interactive,0.4,0.27,0.0,0.05,0.72
8899,Armored Core: For Answer,X360,2008.0,Simulation,Ubisoft,0.06,0.01,0.07,0.01,0.15
174,Final Fantasy IX,PS,2000.0,Role-Playing,SquareSoft,1.62,0.77,2.78,0.14,5.3
7921,CSI: Fatal Conspiracy,PS3,2010.0,Adventure,Ubisoft,0.11,0.05,0.0,0.02,0.19
15494,PC Engine Best Collection: Tengai Makyou Collection,PSP,2008.0,Role-Playing,Hudson Soft,0.0,0.0,0.02,0.0,0.02
1582,LEGO The Lord of the Rings,X360,2012.0,Action,Warner Bros. Interactive Entertainment,0.63,0.51,0.0,0.11,1.26
6439,Sonic X: Game Boy Advance Video Volume 1,GBA,2004.0,Misc,,0.19,0.07,0.0,0.0,0.27
12833,Final Fight: Streetwise,PS2,2006.0,Action,Capcom,0.03,0.02,0.0,0.01,0.05
13429,Grey's Anatomy: The Video Game,DS,2009.0,Adventure,Ubisoft,0.03,0.01,0.0,0.0,0.05
7477,The Amazing Spider-Man (Console Version),DS,2012.0,Action,Activision,0.15,0.04,0.0,0.01,0.21
6910,Scrabble (Others sales),DS,2009.0,Puzzle,Ubisoft,0.0,0.24,0.0,0.0,0.24
8759,Klax,2600,1989.0,Puzzle,Atari,0.14,0.01,0.0,0.0,0.15
11092,Prinny: Can I Really Be the Hero?,PSP,2008.0,Platform,Tecmo Koei,0.02,0.01,0.05,0.01,0.09
8630,NCAA Final Four 2001,PS,2000.0,Sports,Sony Computer Entertainment,0.09,0.06,0.0,0.01,0.16
16535,STORM: Frontline Nation,PC,2011.0,Strategy,Unknown,0.0,0.01,0.0,0.0,0.01
12038,Colosseum: Road to Freedom,PS2,2005.0,Role-Playing,Tecmo Koei,0.03,0.03,0.0,0.01,0.07
63,Halo: Reach,X360,2010.0,Shooter,Microsoft Game Studios,7.03,1.98,0.08,0.78,9.88
15274,XGRA: Extreme G Racing Association,GC,2003.0,Racing,Acclaim Entertainment,0.02,0.0,0.0,0.0,0.02
3985,NBA Street Homecourt,X360,2007.0,Sports,Electronic Arts,0.45,0.01,0.0,0.04,0.5
15033,Urakata Hakuoki,PSP,2013.0,Adventure,Idea Factory,0.0,0.0,0.02,0.0,0.02
13295,Moon,DS,2009.0,Adventure,Mastiff,0.04,0.0,0.0,0.0,0.05
3866,Front Mission 3,PS,1999.0,Strategy,SquareSoft,0.1,0.07,0.31,0.03,0.52
10128,Gem Quest: 4 Elements,DS,2011.0,Puzzle,Mastertronic,0.05,0.05,0.0,0.01,0.11
6905,Lunar: Silver Star Harmony,PSP,2009.0,Role-Playing,GungHo,0.19,0.0,0.03,0.02,0.24
5093,Tobal 2,PS,1997.0,Fighting,SquareSoft,0.0,0.0,0.35,0.02,0.37
10349,Tom Clancy's Splinter Cell: Conviction,PC,2010.0,Action,Ubisoft,0.0,0.08,0.0,0.02,0.11
2261,Balloon Fight,NES,1985.0,Platform,Nintendo,0.39,0.09,0.43,0.01,0.92
15993,Shinseiki Evangelion: Battle Orchestra Portable,PSP,2009.0,Fighting,Broccoli,0.0,0.0,0.01,0.0,0.01
4539,EyeToy: AntiGrav,PS2,2004.0,Sports,Sony Computer Entertainment,0.36,0.01,0.0,0.06,0.43
13644,Jewel Quest Mysteries 2: Trail of the Midnight Heart,DS,2011.0,Puzzle,Unknown,0.0,0.04,0.0,0.01,0.04
5329,Aggressive Inline,PS2,2002.0,Sports,Acclaim Entertainment,0.17,0.13,0.0,0.04,0.35
8109,Burnout Legends,DS,2005.0,Racing,Electronic Arts,0.15,0.02,0.0,0.01,0.18
8472,Star Wars: Super Bombad Racing,PS2,2001.0,Racing,LucasArts,0.08,0.06,0.0,0.02,0.16
2625,FIFA Soccer 2004,XB,2003.0,Sports,Electronic Arts,0.24,0.49,0.0,0.05,0.79
11530,Tempest 3X,PS,1995.0,Shooter,Interplay,0.04,0.03,0.0,0.01,0.08
13213,Stunt GP,PS2,2001.0,Racing,Titus,0.02,0.02,0.0,0.01,0.05
6995,Starsky & Hutch,XB,2003.0,Racing,Empire Interactive,0.17,0.05,0.0,0.01,0.23
2135,Fire Emblem,GBA,2003.0,Strategy,Nintendo,0.49,0.18,0.29,0.01,0.97
14746,RollerCoaster Tycoon 2: Triple Thrill Pack,PC,2003.0,Strategy,Atari,0.0,0.02,0.0,0.01,0.03
5707,Crash Nitro Kart,XB,2003.0,Racing,Vivendi Games,0.24,0.07,0.0,0.01,0.31
8506,The Amazing Spider-Man (Console Version),Wii,2012.0,Action,Activision,0.11,0.04,0.0,0.01,0.16
3239,Virtua Cop,SAT,1995.0,Shooter,Sega,0.0,0.0,0.62,0.0,0.62
15025,Clannad: Mitsumi Mamoru Sakamichi de - Joukan,PSP,2010.0,Adventure,Prototype,0.0,0.0,0.02,0.0,0.02
13297,ESPN Great Outdoor Games Bass 2002,GBA,2001.0,Sports,Konami Digital Entertainment,0.03,0.01,0.0,0.0,0.05
14013,World of Goo,PC,2008.0,Puzzle,2D Boy,0.0,0.03,0.0,0.01,0.04
7015,ESPN NHL Hockey,PS2,2003.0,Sports,Sega,0.11,0.09,0.0,0.03,0.23
9923,Jaws: Ultimate Predator,3DS,2011.0,Action,Majesco Entertainment,0.11,0.0,0.0,0.01,0.12
8131,Aliens: Infestation,DS,2011.0,Action,Sega,0.1,0.06,0.0,0.02,0.18
7186,Crazy Climber,2600,1981.0,Action,Atari,0.21,0.01,0.0,0.0,0.22
5908,Rabbids: Alive & Kicking,X360,2011.0,Misc,Ubisoft,0.15,0.12,0.0,0.03,0.3
14758,DiRT Rally,PC,2016.0,Racing,Codemasters,0.0,0.03,0.0,0.0,0.03
16345,Fashionable Puppy: Oshare na Koinu DS,DS,2007.0,Simulation,MTO,0.0,0.0,0.01,0.0,0.01
11437,Outlaw Golf,GC,2002.0,Sports,TDK Mediactive,0.06,0.02,0.0,0.0,0.08
1559,NBA 2K9,X360,2008.0,Sports,Take-Two Interactive,1.0,0.16,0.0,0.11,1.27
10409,SingStar Guitar,PS3,2010.0,Misc,Sony Computer Entertainment,0.0,0.08,0.0,0.02,0.11
13182,Woody Woodpecker: Escape from Buzz Buzzard Park,PS2,2001.0,Platform,DreamCatcher Interactive,0.02,0.02,0.0,0.01,0.05
6634,Power Pro Kun Pocket 2,GB,2000.0,Sports,Konami Digital Entertainment,0.0,0.0,0.25,0.0,0.25
9019,The Fifth Element,PS,1998.0,Action,Sony Computer Entertainment,0.08,0.05,0.0,0.01,0.14
1125,ESPN NFL 2K5,XB,2004.0,Sports,Sega,1.54,0.02,0.0,0.07,1.63
12187,Brain Quest: Grades 3 & 4,DS,2008.0,Misc,Electronic Arts,0.06,0.0,0.0,0.01,0.07
8123,Marvel Super Hero Squad: Comic Combat,X360,2011.0,Action,THQ,0.13,0.04,0.0,0.01,0.18
3902,NBA Live 07,PSP,2006.0,Sports,Electronic Arts,0.47,0.0,0.0,0.04,0.51
5735,The Matrix: Path of Neo,XB,2005.0,Action,Atari,0.23,0.07,0.0,0.01,0.31
10392,Space Invaders,GBA,2002.0,Shooter,Activision,0.08,0.03,0.0,0.0,0.11
3375,NHL 11,PS3,2010.0,Sports,Electronic Arts,0.4,0.13,0.0,0.07,0.6
3647,50 Classic Games,DS,2009.0,Misc,Destineer,0.52,0.0,0.0,0.04,0.55
439,Resident Evil 6,PS3,2012.0,Shooter,Capcom,0.88,0.97,0.88,0.42,3.15
7984,Phantasy Star Nova,PSV,2014.0,Role-Playing,Sega,0.0,0.0,0.19,0.0,0.19
4255,Walk it Out!,Wii,2010.0,Sports,Konami Digital Entertainment,0.36,0.06,0.0,0.04,0.46
6007,From TV Animation One Piece: Treasure Battle!,GC,2002.0,Fighting,Namco Bandai Games,0.0,0.0,0.28,0.01,0.29
10231,Street Fighter Collection,SAT,1996.0,Fighting,Capcom,0.0,0.0,0.11,0.0,0.11
6919,Angry Birds,PC,2011.0,Puzzle,Focus Home Interactive,0.0,0.18,0.0,0.05,0.24
1591,Reel Fishing,PS,1996.0,Sports,Natsume,0.99,0.13,0.1,0.04,1.25
1632,Fallout 4,PC,2015.0,Role-Playing,Bethesda Softworks,0.5,0.63,0.0,0.1,1.23
14299,Bikkuriman Daijiten,DS,,Misc,,0.0,0.0,0.03,0.0,0.03
10440,Jikkyou Powerful Pro Yakyuu 10,GC,2003.0,Sports,Konami Digital Entertainment,0.0,0.0,0.1,0.0,0.1
6158,Yu-Gi-Oh! World Championship 2008,DS,2007.0,Strategy,Konami Digital Entertainment,0.13,0.02,0.12,0.01,0.28
2950,Moto Racer 2,PS,1997.0,Racing,Electronic Arts,0.39,0.26,0.0,0.05,0.69
8966,"NewU Fitness First Mind Body, Yoga & Pilates Workout",Wii,2010.0,Sports,Black Bean Games,0.12,0.02,0.0,0.01,0.15
8059,Metal Gear Ac!d 2,PSP,2005.0,Strategy,Konami Digital Entertainment,0.11,0.01,0.05,0.01,0.18
13816,Clannad,PSP,2008.0,Adventure,Prototype,0.0,0.0,0.04,0.0,0.04
9721,Puzzle Quest 2,DS,2010.0,Puzzle,D3Publisher,0.11,0.0,0.0,0.01,0.12
5662,Derby Stallion DS,DS,2008.0,Sports,Enterbrain,0.0,0.0,0.32,0.0,0.32
14011,Enchanted Arms (JP sales),PS3,2007.0,Role-Playing,Ubisoft,0.0,0.0,0.04,0.0,0.04
13247,Tokimeki Memorial: Girls Side 1st Love,DS,2007.0,Adventure,Konami Digital Entertainment,0.0,0.0,0.05,0.0,0.05
5889,Nounai Aeshe: IQ Suppli DS,DS,2006.0,Misc,Spike,0.0,0.0,0.3,0.0,0.3
14450,Section 8,PC,2009.0,Shooter,SouthPeak Games,0.01,0.01,0.0,0.0,0.03
35,Call of Duty: Black Ops II,PS3,2012.0,Shooter,Activision,4.99,5.88,0.65,2.52,14.03
10219,Tonic Trouble,N64,1999.0,Platform,Ubisoft,0.09,0.02,0.0,0.0,0.11
9321,Salt Lake 2002,PS2,2002.0,Sports,Eidos Interactive,0.07,0.05,0.0,0.02,0.14
16267,Sengoku Hime 2 Arashi: Hyakubana Senran Tatsukaze no Gotoku,PSP,2010.0,Strategy,System Soft,0.0,0.0,0.01,0.0,0.01
11039,Jikkyou Powerful Pro Yakyuu Portable 2,PSP,2007.0,Sports,Konami Digital Entertainment,0.0,0.0,0.09,0.0,0.09
12830,Medabots: Metabee,GBA,2002.0,Role-Playing,Natsume,0.04,0.01,0.0,0.0,0.05
16316,Musou Tourou,PSP,2009.0,Strategy,Nippon Ichi Software,0.0,0.0,0.01,0.0,0.01
15610,Sega Ages 2500 Series Vol. 26: Dynamite Deka,PS2,2006.0,Action,Sega,0.0,0.0,0.02,0.0,0.02
14044,Bratz Kidz,DS,2008.0,Misc,Game Factory,0.03,0.0,0.0,0.0,0.04
1884,Empire: Total War,PC,2009.0,Strategy,Sega,0.01,0.97,0.0,0.11,1.09
12245,Cardfight!! Vanguard: Lock On Victory!!,3DS,2014.0,Misc,FuRyu,0.0,0.0,0.07,0.0,0.07
15592,Peggle Nights,PC,2008.0,Puzzle,PopCap Games,0.0,0.01,0.0,0.0,0.02
9796,Breakdown,XB,2004.0,Adventure,Electronic Arts,0.09,0.03,0.0,0.0,0.12
14693,TV Total Events,Wii,2011.0,Misc,7G//AMES,0.0,0.02,0.0,0.0,0.03
5672,The Conveni: Ano Machi wo Dokusen Seyo,PS,1997.0,Simulation,Human Entertainment,0.0,0.0,0.3,0.02,0.32
14651,Tago Akira no Atama no Taisou Dai-2-Shuu: Ginga Oudan Nazotoki Adventure,DS,2009.0,Adventure,Level 5,0.0,0.0,0.03,0.0,0.03
3006,Turok,PS3,2008.0,Action,Touchstone,0.35,0.22,0.01,0.1,0.68
6048,DX Game of Life,PS,1996.0,Misc,Takara,0.0,0.0,0.27,0.02,0.29
15462,Coded Soul: Uke Keigareshi Idea,PSP,2008.0,Role-Playing,Sony Computer Entertainment,0.0,0.0,0.02,0.0,0.02
2411,Monster Strike 3DS,3DS,2015.0,Action,"mixi, Inc",0.0,0.0,0.86,0.0,0.86
14900,Hisshou Pachinko*Pachi-slot Kouryaku Series DS Vol. 3: Shinseiki Evangelion - Yakusoku no Toki,DS,2008.0,Misc,D3Publisher,0.0,0.0,0.03,0.0,0.03
13313,Beyond Oasis,GEN,1993.0,Role-Playing,Sega,0.0,0.0,0.05,0.0,0.05
15334,The Awakened Fate Ultimatum,PS3,2014.0,Role-Playing,Nippon Ichi Software,0.0,0.0,0.02,0.0,0.02
12383,LEGO Bionicle,GBA,2001.0,Platform,LEGO Media,0.04,0.02,0.0,0.0,0.06
5630,Prince of Persia: The Sands of Time,GC,2003.0,Action,Ubisoft,0.25,0.06,0.0,0.01,0.32
11816,Uprising X,PS,1998.0,Action,3DO,0.04,0.03,0.0,0.0,0.07
1611,Star Wars Episode III: Revenge of the Sith,XB,2005.0,Action,Activision,0.82,0.38,0.0,0.04,1.24
6371,Shin Megami Tensei: Devil Survivor,DS,2009.0,Role-Playing,Atlus,0.14,0.0,0.12,0.01,0.27
14222,Call of Juarez: Bound in Blood,PC,2009.0,Shooter,Ubisoft,0.0,0.03,0.0,0.01,0.03
3458,WWE 2K16,XOne,2015.0,Sports,Take-Two Interactive,0.31,0.22,0.0,0.05,0.58
13731,Gal*Gun,X360,2011.0,Shooter,Alchemist,0.0,0.0,0.04,0.0,0.04
2275,Homefront,PS3,2011.0,Shooter,THQ,0.32,0.4,0.04,0.15,0.91
5126,Fushigi no Dungeon: Furai no Shiren 2 - Oni Shuurai! Shiren Shiro!,N64,2000.0,Role-Playing,ChunSoft,0.0,0.0,0.32,0.05,0.37
10291,ATV: Quad Frenzy,DS,2005.0,Racing,Majesco Entertainment,0.1,0.0,0.0,0.01,0.11
15356,Demolition Company: Gold Edition,PC,2011.0,Simulation,,0.0,0.02,0.0,0.0,0.02
1213,Dark Cloud,PS2,2000.0,Role-Playing,Sony Computer Entertainment,0.83,0.44,0.08,0.19,1.54
1450,Tom Clancy's Rainbow Six: Vegas 2,PS3,2008.0,Shooter,Ubisoft,0.66,0.45,0.04,0.21,1.35
9539,NBA 08,PS2,2007.0,Sports,Sony Computer Entertainment,0.06,0.05,0.0,0.02,0.13
955,Namco Museum,PS2,2001.0,Misc,Namco Bandai Games,1.73,0.07,0.0,0.02,1.82
16478,Space Raiders,GC,2003.0,Shooter,Taito,0.01,0.0,0.0,0.0,0.01
9572,Warriors Orochi 2,PS2,2008.0,Action,Tecmo Koei,0.06,0.05,0.0,0.02,0.13
5150,Xenosaga Episode III: Also sprach Zarathustra,PS2,2006.0,Role-Playing,Namco Bandai Games,0.09,0.07,0.18,0.02,0.37
4026,MotorStorm: Apocalypse,PS3,2011.0,Racing,Sony Computer Entertainment,0.21,0.2,0.0,0.08,0.49
15470,Atlantic Quest,PC,2011.0,Puzzle,Avanquest,0.0,0.02,0.0,0.0,0.02
7936,The Munchables,Wii,2009.0,Action,Namco Bandai Games,0.17,0.0,0.0,0.01,0.19
10562,Yaiba: Ninja Gaiden Z,PS3,2014.0,Action,Tecmo Koei,0.05,0.04,0.0,0.02,0.1
412,True Crime: Streets of LA,PS2,2003.0,Action,Activision,1.89,1.05,0.02,0.31,3.27
11590,Pocket Dogs,GBA,2004.0,Misc,Agatsuma Entertainment,0.06,0.02,0.0,0.0,0.08
15622,"Shounen Onmyouji: Tsubasa Yoima, Ten e Kaere",PS2,2007.0,Adventure,Kadokawa Shoten,0.0,0.0,0.02,0.0,0.02
9819,Earthworm Jim 3D,N64,1999.0,Platform,Interplay,0.1,0.02,0.0,0.0,0.12
3239,Virtua Cop,SAT,1995.0,Shooter,Sega,0.0,0.0,0.62,0.0,0.62
9265,Rogue Warrior,PS3,2009.0,Shooter,Bethesda Softworks,0.11,0.02,0.0,0.01,0.14
8530,Bladestorm: Nightmare,PS4,2015.0,Action,Tecmo Koei,0.07,0.04,0.03,0.02,0.16
4962,Super Famista 3,SNES,1994.0,Sports,Namco Bandai Games,0.0,0.0,0.39,0.0,0.39
1794,Pilotwings,SNES,1990.0,Simulation,Nintendo,0.46,0.17,0.48,0.02,1.14
